Directory,File Name,File Hash
/home/nemes1s/Desktop/HashForge/src/Hashed_signatures,encryption_withkey.py,73486a938b853583335fd48c938d3af306289fcdbb5e4c39fb7df506135efcf2
/home/nemes1s/Desktop/HashForge/src/Hashed_signatures,test_message.txt,1f157b10ce8f775d7853cc6fd23b02da2ba65f0b406d049e8e1ee4f83b3aa3d3
/home/nemes1s/Desktop/HashForge/src/Hashed_signatures,private_key.pem,ee79fcafe9b6fd1a6e9b563062b397ba9115314245fce7f93deef4ac9d07e2fd
/home/nemes1s/Desktop/HashForge/src/Hashed_signatures,rsa_signing.py,8f43d1ec7ed29ddd0858a3fd2846453572f3bdfb02bd096b960bc605e9020e81
/home/nemes1s/Desktop/HashForge/src/Hashed_signatures,verify_signature.py,26c133519fa3ac8bf038518d55bab1fbc393bda847090aba849d86579b4d97e5
/home/nemes1s/Desktop/HashForge/src/Hashed_signatures,public_key.pem,78216961b492d5ffa0a3d0cecfc0cc399bbc027610b1e4003b14b94fd6915c25
/home/nemes1s/Desktop/HashForge/src/File_deduplicator,main.py,930d3ad6ba006cfd514cfb4f43a1f2d3c307b41d1218f4f07fea0821887b8e5e
/home/nemes1s/Desktop/HashForge/src/Password_hashing,verify_hash.py,fce62386dcaeaff7f128698dc7e3af39057854c21d71dba91fa0a521f3e209cf
/home/nemes1s/Desktop/HashForge/src/Password_hashing,main.py,a6d10f6444bb0910a8df0390dcb81d60517accbcc4a26a5ccb7784d6ddaef1d7
/home/nemes1s/Desktop/HashForge/src/Password_hashing,store_password.txt,8b49867f2274218c2061ac803335367eeccdbdb31350297ccc780c3cd0cc9812
/home/nemes1s/Desktop/HashForge/src/Hashing_with_salts,brute_force_sim.py,5b3c9ae717e0b083ffa95e1fee2f3e89700919dc4bbefe6f80e86cfd21454c4b
/home/nemes1s/Desktop/HashForge/src/Hashing_with_salts,main.py,99a73c04d1e7abe4ef60a715ec9b9ac914398fd74aaeebd3c986ccecd95b272d
/home/nemes1s/Desktop/HashForge/src/Hashing_with_salts,password_storage.txt,d909747ae1c3e0caff3781ca9f70791e58d21d9efff04a58b5d0af1391e501e5
/home/nemes1s/Desktop/HashForge/src/Hashing_with_salts,password_check.py,d3e5df9aaf172379881051164e5e013b88cbd1cd5fb2ed8cf3d140af9dd786c8
/home/nemes1s/Desktop/HashForge/src/Custom_Hashing,experimental_hash1.py,810d8da97f58363d5464aac92bbdb811ac31076ef67d150d44f0e578c4515301
/home/nemes1s/Desktop/HashForge/src/Custom_Hashing,experimental_hash2.py,c631f9c207f1b76f98d4a51e4bdc7b68414dfa9ce072b62d50eb953af8abac60
/home/nemes1s/Desktop/HashForge/src/File_integrity_checker,main.py,1a9c3491013668a2a1e6095c05a3c91649eae24f874db11928cf0bda3e2566b2
/home/nemes1s/Desktop/HashForge/src/File_integrity_checker,file_hashes.json,89fbde494f923b33d624f131dce8a632d9bab437bafcd83f00d978dd9747895d
